ଟେନ୍‌	10
ଇଲେଭେନ୍‌	11
ଟ୍ୱେଲଭ୍	12
ଥର୍ଟିନ୍‌	13
ଫୋର୍ଟିନ୍‌	14
ଫିଫ୍ଟିନ୍‌	15
ସିକ୍ସଟିନ	16
ସେଭେଣ୍ଟିନ୍‌	17
ଏଇଟିନ୍‌	18
ନାଇନଟିନ୍‌	19
ଟ୍ୱେଣ୍ଟି	20
ଟ୍ୱେଣ୍ଟି ୱାନ୍‌	21
ଟ୍ୱେଣ୍ଟି ଟୁ	22
ଟ୍ୱେଣ୍ଟି ଥ୍ରୀ	23
ଟ୍ୱେଣ୍ଟି ଫର୍‌	24
ଟ୍ୱେଣ୍ଟି ଫୋର	24
ଟ୍ୱେଣ୍ଟି ଫାଇଭ୍‌	25
ଟ୍ୱେଣ୍ଟି ସିକ୍ସ	26
ଟ୍ୱେଣ୍ଟି ସେଭେନ୍‌	27
ଟ୍ୱେଣ୍ଟି ଏଟ୍‌	28
ଟ୍ୱେଣ୍ଟି ନାଇନ୍‌	29
ଥର୍ଟି	30
ଥର୍ଟି ୱାନ୍‌	31
ଥର୍ଟି ଟୁ	32
ଥର୍ଟି ଥ୍ରୀ	33
ଥର୍ଟି ଫର୍‌	34
ଥର୍ଟି ଫୋର	34
ଥର୍ଟି ଫାଇଭ୍‌	35
ଥର୍ଟି ସିକ୍ସ	36
ଥର୍ଟି ସେଭେନ୍‌	37
ଥର୍ଟି ଏଟ୍‌	38
ଥର୍ଟି ନାଇନ୍‌	39
ଫୋର୍ଟି	40
ଫୋର୍ଟି ୱାନ୍‌	41
ଫୋର୍ଟି ଟୁ	42
ଫୋର୍ଟି ଥ୍ରୀ	43
ଫୋର୍ଟି ଫର୍‌	44
ଫୋର୍ଟି ଫୋର	44
ଫୋର୍ଟି ଫାଇଭ୍‌	45
ଫୋର୍ଟି ସିକ୍ସ	46
ଫୋର୍ଟି ସେଭେନ୍‌	47
ଫୋର୍ଟି ଏଟ୍‌	48
ଫୋର୍ଟି ନାଇନ୍‌	49
ଫିଫ୍ଟି	50
ଫିଫ୍ଟି ୱାନ୍‌	51
ଫିଫ୍ଟି ଟୁ	52
ଫିଫ୍ଟି ଥ୍ରୀ	53
ଫିଫ୍ଟି ଫର୍‌	54
ଫିଫ୍ଟି ଫୋର	54
ଫିଫ୍ଟି ଫାଇଭ୍‌	55
ଫିଫ୍ଟି ସିକ୍ସ	56
ଫିଫ୍ଟି ସେଭେନ୍‌	57
ଫିଫ୍ଟି ଏଟ୍‌	58
ଫିଫ୍ଟି ନାଇନ୍‌	59
ସିକ୍ସଟି	60
ସିକ୍ସଟି ୱାନ୍‌	61
ସିକ୍ସଟି ଟୁ	62
ସିକ୍ସଟି ଥ୍ରୀ	63
ସିକ୍ସଟି ଫର୍‌	64
ସିକ୍ସଟି ଫୋର	64
ସିକ୍ସଟି ଫାଇଭ୍‌	65
ସିକ୍ସଟି ସିକ୍ସ	66
ସିକ୍ସଟି ସେଭେନ୍‌	67
ସିକ୍ସଟି ଏଟ୍‌	68
ସିକ୍ସଟି ନାଇନ୍‌	69
ସେଭେନ୍ଟି	70
ସେଭେନ୍ଟି ୱାନ୍‌	71
ସେଭେନ୍ଟି ଟୁ	72
ସେଭେନ୍ଟି ଥ୍ରୀ	73
ସେଭେନ୍ଟି ଫର୍‌	74
ସେଭେନ୍ଟି ଫୋର	74
ସେଭେନ୍ଟି ଫାଇଭ୍‌	75
ସେଭେନ୍ଟି ସିକ୍ସ	76
ସେଭେନ୍ଟି ସେଭେନ୍‌	77
ସେଭେନ୍ଟି ଏଟ୍‌	78
ସେଭେନ୍ଟି ନାଇନ୍‌	79
ଏଇଟି	80
ଏଇଟି ୱାନ୍‌	81
ଏଇଟି ଟୁ	82
ଏଇଟି ଥ୍ରୀ	83
ଏଇଟି ଫର୍‌	84
ଏଇଟି ଫୋର	84
ଏଇଟି ଫାଇଭ୍‌	85
ଏଇଟି ସିକ୍ସ	86
ଏଇଟି ସେଭେନ୍‌	87
ଏଇଟି ଏଟ୍‌	88
ଏଇଟି ନାଇନ୍‌	89
ନାଇନଟି	90
ନାଇନଟି ୱାନ୍‌	91
ନାଇନଟି ଟୁ	92
ନାଇନଟି ଥ୍ରୀ	93
ନାଇନଟି ଫର୍‌	94
ନାଇନଟି ଫୋର	94
ନାଇନଟି ଫାଇଭ୍‌	95
ନାଇନଟି ସିକ୍ସ	96
ନାଇନଟି ସେଭେନ୍‌	97
ନାଇନଟି ଏଟ୍‌	98
ନାଇନଟି ନାଇନ୍‌	99