டவுன் பூஜ்ஜியம்	00
டவுன் பூஜியம்	00
டவுன் ஸைஃபர்	00
டவுன் நாட்‌	00
டவுன் ஜீரோ	00
டவுன் முட்டை	00
டவுன் சுழியம்	00
டவுன் ஒன்று	11
டவுன் ஒண்ணு	11
டவுன் ஒன்‌	11
டவுன் வன்‌	11
டவுன் வண்‌	11
டவுன் ஒன்னு	11
டவுன் ஒரு	11
டவுன் இரண்டு	22
டவுன் இரண்டு	22
டவுன் டு	22
டவுன் டூ	22
டவுன் ரெண்டு	22
டவுன் மூன்று	33
டவுன் மூணு	33
டவுன் த்ரீ	33
டவுன் திரீ	33
டவுன் மூனு	33
டவுன் நான்கு	44
டவுன் நாலு	44
டவுன் பொர்‌	44
டவுன் ஃபோர்	44
டவுன் போர்‌	44
டவுன் போோர்	44
டவுன் போர்	44
டவுன் ஐந்து	55
டவுன் அஞ்சு	55
டவுன் பைவ்‌	55
டவுன் ஃபைவ்	55
டவுன் ஆறு:	66
டவுன் சிக்ஸ்‌	66
டவுன் சடிக்ஸ்	66
டவுன் ஏழு	77
டவுன் செவன்	77
டவுன் ஸாவன்‌	77
டவுன் ஏழ்	77
டவுன் எட்டு	88
டவுன் எய்ட்‌	88
டவுன் எயிட்	88
டவுன் எய்ட்‌‌	88
டவுன் எயிட்‌	88
டவுன் எட்டு‌	88
டவுன் ஒன்பது	99
டவுன் ஒம்போது	99
டவுன் நைன்‌	99
டவுன் நயன்	99
டவுன் நையன்	99
டவுன் நன்	99
டபுள் பூஜ்ஜியம்	00
டபுள் பூஜியம்	00
டபுள் ஸைஃபர்	00
டபுள் நாட்‌	00
டபுள் ஜீரோ	00
டபுள் முட்டை	00
டபுள் சுழியம்	00
டபுள் ஒன்று	11
டபுள் ஒண்ணு	11
டபுள் ஒன்‌	11
டபுள் ஒன்	11
டபுள் வன்‌	11
டபுள் வண்‌	11
டபுள் ஒன்னு	11
டபுள் ஒரு	11
டபுள் இரண்டு	22
டபுள் இரண்டு	22
டபுள் டு	22
டபுள் டூ	22
டபுள் ரெண்டு	22
டபுள் மூன்று	33
டபுள் மூணு	33
டபுள் த்ரீ	33
டபுள் திரீ	33
டபுள் மூனு	33
டபுள் நான்கு	44
டபுள் நாலு	44
டபுள் பொர்‌	44
டபுள் ஃபோர்	44
டபுள் போர்‌	44
டபுள் போர்	44
டபுள் போோர்	44
டபுள் போர்	44
டபுள் ஐந்து	55
டபுள் அஞ்சு	55
டபுள் பைவ்‌	55
டபுள் ஃபைவ்	55
டபுள் ஆறு:	66
டபுள் சிக்ஸ்‌	66
டபுள் சடிக்ஸ்	66
டபுள் ஏழு	77
டபுள் செவன்	77
டபுள் ஸாவன்‌	77
டபுள் ஏழ்	77
டபுள் எட்டு	88
டபுள் எய்ட்‌	88
டபுள் எயிட்	88
டபுள் எய்ட்‌‌	88
டபுள் எயிட்‌	88
டபுள் எட்டு‌	88
டபுள் ஒன்பது	99
டபுள் ஒம்போது	99
டபுள் நைன்‌	99
டபுள் நைன்	99
டபுள் நயன்	99
டபுள் நையன்	99
டபுள் நன்	99
டபிள்‌ பூஜ்ஜியம்	00
டபிள்‌ பூஜியம்	00
டபிள்‌ ஸைஃபர்	00
டபிள்‌ நாட்‌	00
டபிள்‌ ஜீரோ	00
டபிள்‌ முட்டை	00
டபிள்‌ சுழியம்	00
டபிள்‌ ஒன்று	11
டபிள்‌ ஒண்ணு	11
டபிள்‌ ஒன்‌	11
டபிள்‌ வன்‌	11
டபிள்‌ வண்‌	11
டபிள்‌ ஒன்னு	11
டபிள்‌ ஒரு	11
டபிள்‌ இரண்டு	22
டபிள்‌ இரண்டு	22
டபிள்‌ டு	22
டபிள்‌ டூ	22
டபிள்‌ ரெண்டு	22
டபிள்‌ மூன்று	33
டபிள்‌ மூணு	33
டபிள்‌ த்ரீ	33
டபிள்‌ திரீ	33
டபிள்‌ மூனு	33
டபிள்‌ நான்கு	44
டபிள்‌ நாலு	44
டபிள்‌ பொர்‌	44
டபிள்‌ போர்‌	44
டபிள்‌ ஃபோர்	44
டபிள்‌ போோர்	44
டபிள்‌ போர்	44
டபிள்‌ ஐந்து	55
டபிள்‌ அஞ்சு	55
டபிள்‌ பைவ்‌	55
டபிள்‌ ஃபைவ்	55
டபிள்‌ ஆறு:	66
டபிள்‌ சிக்ஸ்‌	66
டபிள்‌ சடிக்ஸ்	66
டபிள்‌ ஏழு	77
டபிள்‌ செவன்	77
டபிள்‌ ஸாவன்‌	77
டபிள்‌ ஏழ்	77
டபிள்‌ எட்டு	88
டபிள்‌ எய்ட்‌	88
டபிள்‌ எய்ட்‌‌	88
டபிள்‌ எயிட்‌	88
டபிள்‌ எட்டு‌	88
டபிள்‌ ஒன்பது	99
டபிள்‌ ஒம்போது	99
டபிள்‌ நைன்‌	99
டபிள்‌ நயன்	99
டபிள்‌ நையன்	99
டபிள்‌ நன்	99
ட்ரிப்பில்‌ பூஜ்ஜியம்	000
ட்ரிப்பில்‌ பூஜியம்	000
ட்ரிப்பில்‌ ஸைஃபர்	000
ட்ரிப்பில்‌ நாட்‌	000
ட்ரிப்பில்‌ ஜீரோ	000
ட்ரிப்பில்‌ முட்டை	000
ட்ரிப்பில்‌ சுழியம்	000
ட்ரிப்பில்‌ ஒன்று	111
ட்ரிப்பில்‌ ஒண்ணு	111
ட்ரிப்பில்‌ ஒன்‌	111
ட்ரிப்பில்‌ வன்‌	111
ட்ரிப்பில்‌ வண்‌	111
ட்ரிப்பில்‌ ஒன்னு	111
ட்ரிப்பில்‌ ஒரு	111
ட்ரிப்பில்‌ இரண்டு	222
ட்ரிப்பில்‌ இரண்டு	222
ட்ரிப்பில்‌ டு	222
ட்ரிப்பில்‌ டூ	222
ட்ரிப்பில்‌ ரெண்டு	222
ட்ரிப்பில்‌ மூன்று	333
ட்ரிப்பில்‌ மூணு	333
ட்ரிப்பில்‌ த்ரீ	333
ட்ரிப்பில்‌ திரீ	333
ட்ரிப்பில்‌ மூனு	333
ட்ரிப்பில்‌ நான்கு	444
ட்ரிப்பில்‌ நாலு	444
ட்ரிப்பில்‌ பொர்‌	444
ட்ரிப்பில்‌ போர்‌	444
ட்ரிப்பில்‌ ஃபோர்	444
ட்ரிப்பில்‌ போோர்	444
ட்ரிப்பில்‌ போர்	444
ட்ரிப்பில்‌ ஐந்து	555
ட்ரிப்பில்‌ அஞ்சு	555
ட்ரிப்பில்‌ பைவ்‌	555
ட்ரிப்பில்‌ ஃபைவ்	555
ட்ரிப்பில்‌ ஆறு:	666
ட்ரிப்பில்‌ சிக்ஸ்‌	666
ட்ரிப்பில்‌ சடிக்ஸ்	666
ட்ரிப்பில்‌ ஏழு	777
ட்ரிப்பில்‌ செவன்	777
ட்ரிப்பில்‌ ஸாவன்‌	777
ட்ரிப்பில்‌ ஏழ்	777
ட்ரிப்பில்‌ எட்டு	888
ட்ரிப்பில்‌ எய்ட்‌	888
ட்ரிப்பில்‌ எய்ட்‌‌	888
ட்ரிப்பில்‌ எயிட்‌	888
ட்ரிப்பில்‌ எட்டு‌	888
ட்ரிப்பில்‌ ஒன்பது	999
ட்ரிப்பில்‌ ஒம்போது	999
ட்ரிப்பில்‌ நைன்‌	999
ட்ரிப்பில்‌ நயன்	999
ட்ரிப்பில்‌ நையன்	999
ட்ரிப்பில்‌ நன்	999
டிபுள் பூஜ்ஜியம்	000
டிபுள் பூஜியம்	000
டிபுள் ஸைஃபர்	000
டிபுள் நாட்‌	000
டிபுள் ஜீரோ	000
டிபுள் முட்டை	000
டிபுள் சுழியம்	000
டிபுள் ஒன்று	111
டிபுள் ஒண்ணு	111
டிபுள் ஒன்‌	111
டிபுள் வன்‌	111
டிபுள் வண்‌	111
டிபுள் ஒன்னு	111
டிபுள் ஒரு	111
டிபுள் இரண்டு	222
டிபுள் இரண்டு	222
டிபுள் டு	222
டிபுள் டூ	222
டிபுள் ரெண்டு	222
டிபுள் மூன்று	333
டிபுள் மூணு	333
டிபுள் த்ரீ	333
டிபுள் திரீ	333
டிபுள் மூனு	333
டிபுள் நான்கு	444
டிபுள் நாலு	444
டிபுள் பொர்‌	444
டிபுள் போர்‌	444
டிபுள் ஃபோர்	444
டிபுள் போர்	444
டிபுள் ஐந்து	555
டிபுள் அஞ்சு	555
டிபுள் பைவ்‌	555
டிபுள் ஃபைவ்	555
டிபுள் ஆறு:	666
டிபுள் சிக்ஸ்‌	666
டிபுள் சடிக்ஸ்	666
டிபுள் ஏழு	777
டிபுள் செவன்	777
டிபுள் ஸாவன்‌	777
டிபுள் ஏழ்	777
டிபுள் எட்டு	888
டிபுள் எய்ட்‌	888
டிபுள் எய்ட்‌‌	888
டிபுள் எயிட்‌	888
டிபுள் எட்டு‌	888
டிபுள் ஒன்பது	999
டிபுள் ஒம்போது	999
டிபுள் நைன்‌	999
டிபுள் நயன்	999
டிபுள் நையன்	999
டிபுள் நன்	999
டிரிபிள் பூஜ்ஜியம்	000
டிரிபிள் பூஜியம்	000
டிரிபிள் ஸைஃபர்	000
டிரிபிள் நாட்‌	000
டிரிபிள் ஜீரோ	000
டிரிபிள் முட்டை	000
டிரிபிள் சுழியம்	000
டிரிபிள் ஒன்று	111
டிரிபிள் ஒண்ணு	111
டிரிபிள் ஒன்‌	111
டிரிபிள் வன்‌	111
டிரிபிள் வண்‌	111
டிரிபிள் ஒன்னு	111
டிரிபிள் ஒரு	111
டிரிபிள் இரண்டு	222
டிரிபிள் இரண்டு	222
டிரிபிள் டு	222
டிரிபிள் டூ	222
டிரிபிள் ரெண்டு	222
டிரிபிள் மூன்று	333
டிரிபிள் மூணு	333
டிரிபிள் த்ரீ	333
டிரிபிள் திரீ	333
டிரிபிள் மூனு	333
டிரிபிள் நான்கு	444
டிரிபிள் நாலு	444
டிரிபிள் பொர்‌	444
டிரிபிள் போர்‌	444
டிரிபிள் ஃபோர்	444
டிரிபிள் போர்	444
டிரிபிள் ஐந்து	555
டிரிபிள் அஞ்சு	555
டிரிபிள் பைவ்‌	555
டிரிபிள் ஃபைவ்	555
டிரிபிள் ஆறு:	666
டிரிபிள் சிக்ஸ்‌	666
டிரிபிள் சடிக்ஸ்	666
டிரிபிள் ஏழு	777
டிரிபிள் செவன்	777
டிரிபிள் ஸாவன்‌	777
டிரிபிள் ஏழ்	777
டிரிபிள் எட்டு	888
டிரிபிள் எய்ட்‌	888
டிரிபிள் எய்ட்‌‌	888
டிரிபிள் எயிட்‌	888
டிரிபிள் எட்டு‌	888
டிரிபிள் ஒன்பது	999
டிரிபிள் ஒம்போது	999
டிரிபிள் நைன்‌	999
டிரிபிள் நயன்	999
டிரிபிள் நையன்	999
டிரிபிள் நன்	999