टेन	10
इलेवन	11
ट्वेल्व	12
थर्टीन्	13
फोर्टीन	14
फिफ्टीन	15
सिक्स्टीन	16
सेवन्टीन	17
एटीन	18
नाइन्टीन	19
ट्वेन्टी	20
ट्वेन्टी वन	21
ट्वेन्टी टू	22
ट्वेन्टी थ्री	23
ट्वेन्टी फोर	24
ट्वेन्टी फाइव	25
ट्वेन्टी सिक्स	26
ट्वेन्टी सेवन	27
ट्वेन्टी एट	28
ट्वेन्टी नाइन	29
ट्वेंटी	20
ट्वेंटी वन	21
ट्वेंटी टू	22
ट्वेंटी थ्री	23
ट्वेंटी फोर	24
ट्वेंटी फाइव	25
ट्वेंटी सिक्स	26
ट्वेंटी सेवन	27
ट्वेंटी एट	28
ट्वेंटी नाइन	29
थर्टी	30
थर्टी वन	31
थर्टी टू	32
थर्टी थ्री	33
थर्टी फोर	34
थर्टी फाइव	35
थर्टी सिक्स	36
थर्टी सेवन	37
थर्टी एट	38
थर्टी नाइन	39
फोर्टी	40
फोर्टी वन	41
फोर्टी टू	42
फोर्टी थ्री	43
फोर्टी फोर	44
फोर्टी फाइव	45
फोर्टी सिक्स	46
फोर्टी सेवन	47
फोर्टी एट	48
फोर्टी नाइन	49
फिफ्टी	50
फिफ्टी वन	51
फिफ्टी टू	52
फिफ्टी थ्री	53
फिफ्टी फोर	54
फिफ्टी फाइव	55
फिफ्टी सिक्स	56
फिफ्टी सेवन	57
फिफ्टी एट	58
फिफ्टी नाइन	59
सिक्स्टी	60
सिक्स्टी वन	61
सिक्स्टी टू	62
सिक्स्टी थ्री	63
सिक्स्टी फोर	64
सिक्स्टी फाइव	65
सिक्स्टी सिक्स	66
सिक्स्टी सेवन	67
सिक्स्टी एट	68
सिक्स्टी नाइन	69
सेवन्टी	70
सेवन्टी वन	71
सेवन्टी टू	72
सेवन्टी थ्री	73
सेवन्टी फोर	74
सेवन्टी फाइव	75
सेवन्टी सिक्स	76
सेवन्टी सेवन	77
सेवन्टी एट	78
सेवन्टी नाइन	79
एटी	80
एटी वन	81
एटी टू	82
एटी थ्री	83
एटी फोर	84
एटी फाइव	85
एटी सिक्स	86
एटी सेवन	87
एटी एट	88
एटी नाइन	89
नाइन्टी	90
नाइन्टी वन	91
नाइन्टी टू	92
नाइन्टी थ्री	93
नाइन्टी फोर	94
नाइन्टी फाइव	95
नाइन्टी सिक्स	96
नाइन्टी सेवन	97
नाइन्टी एट	98
नाइन्टी नाइन	99
नाइंटी	90
नाइंटी वन	91
नाइंटी टू	92
नाइंटी थ्री	93
नाइंटी फोर	94
नाइंटी फाइव	95
नाइंटी सिक्स	96
नाइंटी सेवन	97
नाइंटी एट	98
नाइंटी नाइन	99
नाइनटी	90
नाइनटी वन	91
नाइनटी टू	92
नाइनटी थ्री	93
नाइनटी फोर	94
नाइनटी फाइव	95
नाइनटी सिक्स	96
नाइनटी सेवन	97
नाइनटी एट	98
नाइनटी नाइन	99